Sample,CHROM,POS,ID,REF,ALT,QUAL,FILTER,INFO,FORMAT,NORMAL,TUMOR
C3L-00006,chr9,94325425,.,T,C,.,PASS,"AC=1;AF=0.25;AN=4;DP=364;SOMATIC;set=varscan-mutect;CSQ=C|missense_variant|MODERATE|NUTM2F|ENSG00000130950|Transcript|ENST00000253262|protein_coding|2/7||ENST00000253262.8:c.526A>G|ENSP00000253262.4:p.Arg176Gly|547/2561|526/2271|176/756|R/G|Agg/Ggg|COSM3849129&COSM3849130|1||-1||1|SNV|HGNC|HGNC:23450|YES|1|CCDS47994.1|A1L443||UPI00001D771D|NM_017561.1|tolerated(0.45)||||||||||||||||||||||1&1|1&1,C|missense_variant|MODERATE|NUTM2F|ENSG00000130950|Transcript|ENST00000341207|protein_coding|2/8||ENST00000341207.5:c.526A>G|ENSP00000343865.4:p.Arg176Gly|547/2516|526/2226|176/741|R/G|Agg/Ggg|COSM3849129&COSM3849130|1||-1|||SNV|HGNC|HGNC:23450||5|||E2QRH1|UPI0001AE6E55||tolerated(0.92)||||||||||||||||||||||1&1|1&1",GT:AD:DP:DP4:FREQ:RD,"0/0:0:146:74,72,0,0:0%:146","0/1:11:218:81,123,8,3:5.12%:204"
C3L-00006,chr16,1256631,.,C,T,.,PASS,"AC=1;AF=0.25;AN=4;DP=227;SOMATIC;set=varscan-mutect;CSQ=T|synonymous_variant|LOW|TPSD1|ENSG00000095917|Transcript|ENST00000211076|protein_coding|2/5||ENST00000211076.4:c.198C>T|ENSP00000211076.3:p.Cys66=|346/1499|198/729|66/242|C|tgC/tgT|rs377281598|1||1||1|SNV|HGNC|HGNC:14118|YES|1|CCDS10432.1|Q9BZJ3||UPI000007066B|NM_012217.2|||||||||||0.0005472|0.0005045|0.0007206|0|0.003999|4.557e-05|0.000226|0.0009925|0.0005272|0.003999|gnomAD_EAS|||,T|synonymous_variant|LOW|TPSD1|ENSG00000095917|Transcript|ENST00000397534|protein_coding|3/6||ENST00000397534.6:c.177C>T|ENSP00000380668.2:p.Cys59=|210/896|177/708|59/235|C|tgC/tgT|rs377281598|1||1|||SNV|HGNC|HGNC:14118||5|||A0A0C4DFZ7|UPI0000137705||||||||||||0.0005472|0.0005045|0.0007206|0|0.003999|4.557e-05|0.000226|0.0009925|0.0005272|0.003999|gnomAD_EAS|||,T|downstream_gene_variant|MODIFIER|PRSS29P|ENSG00000196364|Transcript|ENST00000440800|transcribed_unprocessed_pseudogene||||||||||rs377281598|1|4791|-1|||SNV|HGNC|HGNC:17542||||||||||||||||||0.0005472|0.0005045|0.0007206|0|0.003999|4.557e-05|0.000226|0.0009925|0.0005272|0.003999|gnomAD_EAS|||,T|upstream_gene_variant|MODIFIER|AC120498.2|ENSG00000260182|Transcript|ENST00000566997|sense_intronic||||||||||rs377281598|1|708|1|||SNV|Clone_based_ensembl_gene||YES|3||||||||||||||||0.0005472|0.0005045|0.0007206|0|0.003999|4.557e-05|0.000226|0.0009925|0.0005272|0.003999|gnomAD_EAS|||,T|downstream_gene_variant|MODIFIER|PRSS29P|ENSG00000196364|Transcript|ENST00000568091|processed_transcript||||||||||rs377281598|1|4321|-1|||SNV|HGNC|HGNC:17542|YES|5||||||||||||||||0.0005472|0.0005045|0.0007206|0|0.003999|4.557e-05|0.000226|0.0009925|0.0005272|0.003999|gnomAD_EAS|||",GT:AD:DP:DP4:FREQ:RD,"0/0:1:113:45,66,1,0:0.89%:111","0/1:12:114:52,50,8,4:10.53%:102"
C3L-00932,chr1,22597319,.,A,C,.,PASS,AC=1;AF=0.25;AN=4;DP=96;SOMATIC;set=varscan-mutect;CSQ=C|synonymous_variant|LOW|EPHA8|ENSG00000070886|Transcript|ENST00000166244|protein_coding|10/17||ENST00000166244.7:c.1773A>C|ENSP00000166244.3:p.Pro591=|1845/4943|1773/3018|591/1005|P|ccA/ccC||1||1||1|SNV|HGNC|HGNC:3391|YES|2|CCDS225.1|P29322||UPI000012A07B|NM_020526.3||||||||||||||||||||||||,GT:AD:DP:DP4:FREQ:RD,"0/0:0:50:45,0,0,0:0%:45","0/1:7:46:36,3,7,0:15.22%:39"
C3L-00932,chr5,115275230,.,C,T,.,PASS,"AC=1;AF=0.25;AN=4;DP=116;SOMATIC;set=varscan-mutect;CSQ=T|missense_variant|MODERATE|CCDC112|ENSG00000164221|Transcript|ENST00000379611|protein_coding|6/10||ENST00000379611.9:c.904G>A|ENSP00000368931.5:p.Glu302Lys|1192/2566|904/1590|302/529|E/K|Gaa/Aaa|COSM1432591|1||-1||1|SNV|HGNC|HGNC:28599|YES|1|CCDS34213.1|Q8NEF3||UPI000020C43F|NM_001040440.2|tolerated(0.13)||||||||||||||||||||||1|1,T|missense_variant|MODERATE|CCDC112|ENSG00000164221|Transcript|ENST00000395557|protein_coding|6/10||ENST00000395557.4:c.655G>A|ENSP00000378925.4:p.Glu219Lys|1146/2069|655/1341|219/446|E/K|Gaa/Aaa|COSM1432591|1||-1|||SNV|HGNC|HGNC:28599||1|CCDS4117.1|Q8NEF3||UPI000013E36A|NM_152549.2|tolerated(0.16)||||||||||||||||||||||1|1,T|upstream_gene_variant|MODIFIER|CCDC112|ENSG00000164221|Transcript|ENST00000502975|retained_intron||||||||||COSM1432591|1|3620|-1|||SNV|HGNC|HGNC:28599||2||||||||||||||||||||||||||||1|1,T|downstream_gene_variant|MODIFIER|CCDC112|ENSG00000164221|Transcript|ENST00000503027|processed_transcript||||||||||COSM1432591|1|109|-1|||SNV|HGNC|HGNC:28599||3||||||||||||||||||||||||||||1|1,T|missense_variant|MODERATE|CCDC112|ENSG00000164221|Transcript|ENST00000506442|protein_coding|6/9||ENST00000506442.5:c.655G>A|ENSP00000424876.1:p.Glu219Lys|1054/2145|655/1245|219/414|E/K|Gaa/Aaa|COSM1432591|1||-1|||SNV|HGNC|HGNC:28599||2|||D6RF76|UPI0001D3B65A||tolerated(0.14)||||||||||||||||||||||1|1,T|missense_variant|MODERATE|CCDC112|ENSG00000164221|Transcript|ENST00000512261|protein_coding|7/11||ENST00000512261.5:c.655G>A|ENSP00000423712.1:p.Glu219Lys|1072/2279|655/1341|219/446|E/K|Gaa/Aaa|COSM1432591|1||-1|||SNV|HGNC|HGNC:28599||5|CCDS4117.1|Q8NEF3||UPI000013E36A||tolerated(0.16)||||||||||||||||||||||1|1,T|downstream_gene_variant|MODIFIER|CCDC112|ENSG00000164221|Transcript|ENST00000513730|retained_intron||||||||||COSM1432591|1|105|-1|||SNV|HGNC|HGNC:28599||2||||||||||||||||||||||||||||1|1",GT:AD:DP:DP4:FREQ:RD,"0/0:0:50:50,0,0,0:0%:50","0/1:6:66:58,0,6,0:9.38%:58"
C3L-00932,chr10,117543522,.,G,A,.,PASS,"AC=0;AF=0.0;AN=0;DP=723;SOMATIC;set=strelka-varscan-mutect;CSQ=A|upstream_gene_variant|MODIFIER|EMX2OS|ENSG00000229847|Transcript|ENST00000440007|antisense_RNA|||||||||||1|1027|-1|||SNV|HGNC|HGNC:18511||2|||||||||||||||||||||||||||||,A|synonymous_variant|LOW|EMX2|ENSG00000170370|Transcript|ENST00000442245|protein_coding|1/2||ENST00000442245.5:c.255G>A|ENSP00000474874.1:p.Val85=|1078/2710|255/510|85/169|V|gtG/gtA||1||1|||SNV|HGNC|HGNC:3341||2|CCDS53583.1|Q04743||UPI00001F97B2|NM_001165924.1||||||||||||||||||||||||,A|upstream_gene_variant|MODIFIER|EMX2OS|ENSG00000229847|Transcript|ENST00000450314|antisense_RNA|||||||||||1|1203|-1|||SNV|HGNC|HGNC:18511||2|||||||||||||||||||||||||||||,A|upstream_gene_variant|MODIFIER|EMX2|ENSG00000170370|Transcript|ENST00000546446|processed_transcript|||||||||||1|1344|1|||SNV|HGNC|HGNC:3341||1|||||||||||||||||||||||||||||,A|intron_variant&non_coding_transcript_variant|MODIFIER|EMX2OS|ENSG00000229847|Transcript|ENST00000551288|antisense_RNA||2/3|ENST00000551288.5:n.574+784C>T||||||||1||-1|||SNV|HGNC|HGNC:18511|YES|1|||||||||||||||||||||||||||||,A|synonymous_variant|LOW|EMX2|ENSG00000170370|Transcript|ENST00000553456|protein_coding|1/3||ENST00000553456.4:c.255G>A|ENSP00000450962.3:p.Val85=|1079/2897|255/759|85/252|V|gtG/gtA||1||1||1|SNV|HGNC|HGNC:3341|YES|1|CCDS7601.1|Q04743||UPI000004CC07|NM_004098.3||||||||||||||||||||||||,A|upstream_gene_variant|MODIFIER|EMX2|ENSG00000170370|Transcript|ENST00000616794|protein_coding|||||||||||1|46|1|cds_start_NF||SNV|HGNC|HGNC:3341||2|||A0A087WWJ6|UPI0004620DF9|||||||||||||||||||||||||",AU:CU:DP:FDP:GU:SDP:SUBDP:TU,"0,0:0,0:253:17:236,255:0:0:0,1","7,7:1,1:122:3:111,117:0:0:0,1"
C3L-00932,chr12,10449382,.,T,G,.,PASS,"AC=1;AF=0.25;AN=4;DP=272;SOMATIC;set=varscan-mutect;CSQ=G|missense_variant|MODERATE|KLRC1|ENSG00000134545|Transcript|ENST00000347831|protein_coding|4/6||ENST00000347831.9:c.290A>C|ENSP00000256965.7:p.His97Pro|454/1332|290/648|97/215|H/P|cAt/cCt|rs760718931|1||-1|||SNV|HGNC|HGNC:6374||1|CCDS8626.1|P26715||UPI000013CF3C|NM_007328.3|tolerated(0.1)||||||||||4.093e-06|0|0|0|0|0|0|0|3.32e-05|3.32e-05|gnomAD_SAS|||,G|missense_variant|MODERATE|KLRC1|ENSG00000134545|Transcript|ENST00000359151|protein_coding|5/7||ENST00000359151.7:c.344A>C|ENSP00000352064.3:p.His115Pro|526/1407|344/702|115/233|H/P|cAt/cCt|rs760718931|1||-1|||SNV|HGNC|HGNC:6374||1|CCDS8625.1|P26715||UPI000013CF3D|NM_002259.4|tolerated(0.14)||||||||||4.093e-06|0|0|0|0|0|0|0|3.32e-05|3.32e-05|gnomAD_SAS|||,G|missense_variant|MODERATE|KLRC1|ENSG00000134545|Transcript|ENST00000408006|protein_coding|5/7||ENST00000408006.7:c.290A>C|ENSP00000385304.3:p.His97Pro|678/1559|290/648|97/215|H/P|cAt/cCt|rs760718931|1||-1|||SNV|HGNC|HGNC:6374||1|CCDS8626.1|P26715||UPI000013CF3C|NM_213657.2|tolerated(0.1)||||||||||4.093e-06|0|0|0|0|0|0|0|3.32e-05|3.32e-05|gnomAD_SAS|||,G|missense_variant|MODERATE|KLRC1|ENSG00000134545|Transcript|ENST00000536188|protein_coding|6/9||ENST00000536188.5:c.344A>C|ENSP00000441432.1:p.His115Pro|801/1179|344/687|115/228|H/P|cAt/cCt|rs760718931|1||-1|||SNV|HGNC|HGNC:6374||1|CCDS76531.1||F5GYZ0|UPI000204AABB|NM_001304448.1|tolerated(0.14)||||||||||4.093e-06|0|0|0|0|0|0|0|3.32e-05|3.32e-05|gnomAD_SAS|||,G|downstream_gene_variant|MODIFIER|KLRC1|ENSG00000134545|Transcript|ENST00000537699|retained_intron||||||||||rs760718931|1|610|-1|||SNV|HGNC|HGNC:6374||3||||||||||||||||4.093e-06|0|0|0|0|0|0|0|3.32e-05|3.32e-05|gnomAD_SAS|||,G|upstream_gene_variant|MODIFIER|KLRC1|ENSG00000134545|Transcript|ENST00000543893|protein_coding||||||||||rs760718931|1|18|-1|cds_start_NF||SNV|HGNC|HGNC:6374||4|||H0YGB7|UPI000204AABC||||||||||||4.093e-06|0|0|0|0|0|0|0|3.32e-05|3.32e-05|gnomAD_SAS|||,G|missense_variant|MODERATE|KLRC1|ENSG00000134545|Transcript|ENST00000544822|protein_coding|6/8||ENST00000544822.2:c.344A>C|ENSP00000438038.1:p.His115Pro|732/1600|344/702|115/233|H/P|cAt/cCt|rs760718931|1||-1||1|SNV|HGNC|HGNC:6374|YES|1|CCDS8625.1|P26715||UPI000013CF3D|NM_213658.2|tolerated(0.14)||||||||||4.093e-06|0|0|0|0|0|0|0|3.32e-05|3.32e-05|gnomAD_SAS|||",GT:AD:DP:DP4:FREQ:RD,"0/0:0:125:0,124,0,0:0%:124","0/1:8:147:4,133,2,6:5.52%:137"
C3L-00932,chr17,69306786,.,C,T,.,PASS,"AC=1;AF=0.25;AN=4;DP=222;SOMATIC;set=varscan-mutect;CSQ=T|missense_variant|MODERATE|ABCA5|ENSG00000154265|Transcript|ENST00000392676|protein_coding|6/39||ENST00000392676.7:c.727G>A|ENSP00000376443.2:p.Glu243Lys|792/8220|727/4929|243/1642|E/K|Gaa/Aaa||1||-1||1|SNV|HGNC|HGNC:35|YES|1|CCDS11685.1|Q8WWZ7||UPI000013DD9E|NM_172232.3|deleterious(0.04)|||||||||||||||||||||||,T|upstream_gene_variant|MODIFIER|ABCA5|ENSG00000154265|Transcript|ENST00000586995|nonsense_mediated_decay|||||||||||1|3937|-1|cds_start_NF||SNV|HGNC|HGNC:35||1|||Q6N017|UPI00001BDBAF|||||||||||||||||||||||||,T|missense_variant|MODERATE|ABCA5|ENSG00000154265|Transcript|ENST00000587607|non_stop_decay|6/6||ENST00000587607.5:c.727G>A|ENSP00000467815.1:p.Glu243Lys|781/804|727/750|243/250|E/K|Gaa/Aaa||1||-1|||SNV|HGNC|HGNC:35||1|||A0A075B778|UPI000284113C||deleterious(0.02)|||||||||||||||||||||||,T|missense_variant|MODERATE|ABCA5|ENSG00000154265|Transcript|ENST00000588877|protein_coding|5/38||ENST00000588877.5:c.727G>A|ENSP00000467882.1:p.Glu243Lys|1737/6525|727/4929|243/1642|E/K|Gaa/Aaa||1||-1|||SNV|HGNC|HGNC:35||1|CCDS11685.1|Q8WWZ7||UPI000013DD9E|NM_018672.4|deleterious(0.04)|||||||||||||||||||||||,T|missense_variant|MODERATE|ABCA5|ENSG00000154265|Transcript|ENST00000589975|protein_coding|3/4||ENST00000589975.5:c.317G>A|ENSP00000466931.1:p.Glu107Lys|317/1095|319/579|107/192|E/K|Gaa/Aaa||1||-1|cds_start_NF||SNV|HGNC|HGNC:35||3|||K7ENF9|UPI000284113B||deleterious(0.02)|||||||||||||||||||||||,T|downstream_gene_variant|MODIFIER|ABCA5|ENSG00000154265|Transcript|ENST00000592568|protein_coding|||||||||||1|2563|-1|cds_end_NF||SNV|HGNC|HGNC:35||3|||K7EMV2|UPI000284113D|||||||||||||||||||||||||,T|missense_variant|MODERATE|ABCA5|ENSG00000154265|Transcript|ENST00000593153|protein_coding|7/21||ENST00000593153.5:c.727G>A|ENSP00000467448.1:p.Glu243Lys|992/3017|727/2752|243/917|E/K|Gaa/Aaa||1||-1|cds_end_NF||SNV|HGNC|HGNC:35||2|||K7EPM3|UPI000284113A||deleterious(0.04)|||||||||||||||||||||||,T|missense_variant|MODERATE|ABCA5|ENSG00000154265|Transcript|ENST00000593253|non_stop_decay|5/5||ENST00000593253.5:c.727G>A|ENSP00000467524.1:p.Glu243Lys|1672/1695|727/750|243/250|E/K|Gaa/Aaa||1||-1|||SNV|HGNC|HGNC:35||1|||A0A075B778|UPI000284113C||deleterious(0.02)|||||||||||||||||||||||",GT:AD:DP:DP4:FREQ:RD,"0/0:0:100:86,11,0,0:0%:97","0/1:6:122:101,11,6,0:5.08%:112"
C3L-00932,chr22,26483996,.,G,C,.,PASS,"AC=0;AF=0.0;AN=0;DP=212;SOMATIC;set=strelka-varscan;CSQ=C|missense_variant|MODERATE|SRRD|ENSG00000100104|Transcript|ENST00000215917|protein_coding|1/7||ENST00000215917.11:c.106G>C|ENSP00000215917.6:p.Gly36Arg|120/4020|106/1020|36/339|G/R|Ggg/Cgg|rs62226565|1||1||1|SNV|HGNC|HGNC:33910|YES|1|CCDS42995.1|Q9UH36||UPI00000723CF|NM_001013694.2|tolerated(0.28)|||||||||||||||||||||||,C|upstream_gene_variant|MODIFIER|HPS4|ENSG00000100099|Transcript|ENST00000336873|protein_coding||||||||||rs62226565|1|201|-1|||SNV|HGNC|HGNC:15844||5|CCDS13835.1|Q9NQG7||UPI000012CB6F|||||||||||||||||||||||||,C|upstream_gene_variant|MODIFIER|HPS4|ENSG00000100099|Transcript|ENST00000398145|protein_coding||||||||||rs62226565|1|184|-1|||SNV|HGNC|HGNC:15844|YES|1|CCDS13835.1|Q9NQG7||UPI000012CB6F|NM_022081.5||||||||||||||||||||||||,C|upstream_gene_variant|MODIFIER|HPS4|ENSG00000100099|Transcript|ENST00000402105|protein_coding||||||||||rs62226565|1|4315|-1|||SNV|HGNC|HGNC:15844||1|CCDS46677.1|Q9NQG7||UPI00001605E5|NM_152841.2||||||||||||||||||||||||,C|upstream_gene_variant|MODIFIER|HPS4|ENSG00000100099|Transcript|ENST00000422379|protein_coding||||||||||rs62226565|1|213|-1|cds_end_NF||SNV|HGNC|HGNC:15844||5|||F1LLU8|UPI0001E8EEF4|||||||||||||||||||||||||,C|upstream_gene_variant|MODIFIER|HPS4|ENSG00000100099|Transcript|ENST00000429411|nonsense_mediated_decay||||||||||rs62226565|1|4548|-1|||SNV|HGNC|HGNC:15844||2|||F8VYA9|UPI0000D4A0E5|||||||||||||||||||||||||,C|upstream_gene_variant|MODIFIER|HPS4|ENSG00000100099|Transcript|ENST00000439453|nonsense_mediated_decay||||||||||rs62226565|1|160|-1|||SNV|HGNC|HGNC:15844||1|||F8WC53|UPI00001605E4|||||||||||||||||||||||||,C|upstream_gene_variant|MODIFIER|HPS4|ENSG00000100099|Transcript|ENST00000464362|nonsense_mediated_decay||||||||||rs62226565|1|4450|-1|||SNV|HGNC|HGNC:15844||5|||E5RG08|UPI00005791BF|||||||||||||||||||||||||,C|upstream_gene_variant|MODIFIER|HPS4|ENSG00000100099|Transcript|ENST00000466781|retained_intron||||||||||rs62226565|1|159|-1|||SNV|HGNC|HGNC:15844||1|||||||||||||||||||||||||||||,C|upstream_gene_variant|MODIFIER|HPS4|ENSG00000100099|Transcript|ENST00000473782|processed_transcript||||||||||rs62226565|1|168|-1|||SNV|HGNC|HGNC:15844||2|||||||||||||||||||||||||||||,C|upstream_gene_variant|MODIFIER|SRRD|ENSG00000100104|Transcript|ENST00000477945|retained_intron||||||||||rs62226565|1|3986|1|||SNV|HGNC|HGNC:33910||5|||||||||||||||||||||||||||||,C|upstream_gene_variant|MODIFIER|HPS4|ENSG00000100099|Transcript|ENST00000479064|processed_transcript||||||||||rs62226565|1|160|-1|||SNV|HGNC|HGNC:15844||3|||||||||||||||||||||||||||||,C|upstream_gene_variant|MODIFIER|HPS4|ENSG00000100099|Transcript|ENST00000481910|retained_intron||||||||||rs62226565|1|4585|-1|||SNV|HGNC|HGNC:15844||2|||||||||||||||||||||||||||||,C|upstream_gene_variant|MODIFIER|HPS4|ENSG00000100099|Transcript|ENST00000483631|processed_transcript||||||||||rs62226565|1|160|-1|||SNV|HGNC|HGNC:15844||3|||||||||||||||||||||||||||||,C|upstream_gene_variant|MODIFIER|HPS4|ENSG00000100099|Transcript|ENST00000496385|retained_intron||||||||||rs62226565|1|4508|-1|||SNV|HGNC|HGNC:15844||2|||||||||||||||||||||||||||||",AU:CU:DP:FDP:GU:SDP:SUBDP:TU,"0,0:0,0:34:0:34,36:1:0:0,0","0,0:7,7:54:0:47,49:0:0:0,0"
C3L-00932,chrX,26160775,.,T,G,.,PASS,AC=0;AF=0.0;AN=0;DP=1398;SOMATIC;set=strelka-varscan-mutect;CSQ=G|missense_variant|MODERATE|MAGEB6P1|ENSG00000232030|Transcript|ENST00000416929|protein_coding|1/1||ENST00000416929.2:c.175T>G|ENSP00000488257.1:p.Ser59Ala|175/1224|175/1224|59/407|S/A|Tcc/Gcc||1||1||1|SNV|HGNC|HGNC:28824|YES||||A0A0J9YX57|UPI0000237759||tolerated(0.43)|||||||||||||||||||||||,AU:CU:DP:FDP:GU:SDP:SUBDP:TU,"0,0:0,1:352:2:0,0:0:0:350,355","0,0:0,0:375:0:20,22:0:0:355,359"
C3L-00932,chrM,11383,.,T,C,.,PASS,"AC=0;AF=0.0;AN=0;DP=454;SOMATIC;set=strelka-varscan-mutect;CSQ=C|downstream_gene_variant|MODIFIER|MT-ND3|ENSG00000198840|Transcript|ENST00000361227|protein_coding||||||||||COSM1155506&COSM1472302|1|979|1|||SNV|HGNC|HGNC:7458|YES|||P03897|Q7GXZ5|UPI0000000AA6||||||||||||||||||||||||1&1|1&1,C|downstream_gene_variant|MODIFIER|MT-ND4L|ENSG00000212907|Transcript|ENST00000361335|protein_coding||||||||||COSM1155506&COSM1472302|1|617|1|||SNV|HGNC|HGNC:7460|YES|||P03901|Q7GXZ4|UPI0000000AA7||||||||||||||||||||||||1&1|1&1,C|synonymous_variant|LOW|MT-ND4|ENSG00000198886|Transcript|ENST00000361381|protein_coding|1/1||ENST00000361381.2:c.624T>C|ENSP00000354961.2:p.Pro208=|624/1378|624/1378|208/459|P|ccT/ccC|COSM1155506&COSM1472302|1||1||1|SNV|HGNC|HGNC:7459|YES|||P03905|H9EC08|UPI0000000AA8||||||||||||||||||||||||1&1|1&1,C|upstream_gene_variant|MODIFIER|MT-ND5|ENSG00000198786|Transcript|ENST00000361567|protein_coding||||||||||COSM1155506&COSM1472302|1|954|1|||SNV|HGNC|HGNC:7461|YES|||P03915|U5ZC31|UPI0000000A9D||||||||||||||||||||||||1&1|1&1,C|downstream_gene_variant|MODIFIER|MT-CO1|ENSG00000198804|Transcript|ENST00000361624|protein_coding||||||||||COSM1155506&COSM1472302|1|3938|1|||SNV|HGNC|HGNC:7419|YES|||P00395|U5YWV7|UPI0000000AA3||||||||||||||||||||||||1&1|1&1,C|downstream_gene_variant|MODIFIER|MT-ND6|ENSG00000198695|Transcript|ENST00000361681|protein_coding||||||||||COSM1155506&COSM1472302|1|2766|-1|||SNV|HGNC|HGNC:7462|YES|||P03923|U5Z977|UPI0000000AA9||||||||||||||||||||||||1&1|1&1,C|downstream_gene_variant|MODIFIER|MT-CO2|ENSG00000198712|Transcript|ENST00000361739|protein_coding||||||||||COSM1155506&COSM1472302|1|3114|1|||SNV|HGNC|HGNC:7421|YES|||P00403|U5Z487|UPI0000000AA4||||||||||||||||||||||||1&1|1&1,C|upstream_gene_variant|MODIFIER|MT-CYB|ENSG00000198727|Transcript|ENST00000361789|protein_coding||||||||||COSM1155506&COSM1472302|1|3364|1|||SNV|HGNC|HGNC:7427|YES|||P00156|Q0ZFD6|UPI0000DA7DCA||||||||||||||||||||||||1&1|1&1,C|downstream_gene_variant|MODIFIER|MT-ATP8|ENSG00000228253|Transcript|ENST00000361851|protein_coding||||||||||COSM1155506&COSM1472302|1|2811|1|||SNV|HGNC|HGNC:7415|YES|||P03928|U5YV54|UPI0000000AA5||||||||||||||||||||||||1&1|1&1,C|downstream_gene_variant|MODIFIER|MT-ATP6|ENSG00000198899|Transcript|ENST00000361899|protein_coding||||||||||COSM1155506&COSM1472302|1|2176|1|||SNV|HGNC|HGNC:7414|YES|||P00846|Q0ZFE3|UPI0000001709||||||||||||||||||||||||1&1|1&1,C|downstream_gene_variant|MODIFIER|MT-CO3|ENSG00000198938|Transcript|ENST00000362079|protein_coding||||||||||COSM1155506&COSM1472302|1|1393|1|||SNV|HGNC|HGNC:7422|YES|||P00414|Q7GIM7|UPI0000000369||||||||||||||||||||||||1&1|1&1,C|upstream_gene_variant|MODIFIER|MT-TS1|ENSG00000210151|Transcript|ENST00000387416|Mt_tRNA||||||||||COSM1155506&COSM1472302|1|3869|-1|||SNV|HGNC|HGNC:7497|YES|||||||||||||||||||||||||||||1&1|1&1,C|downstream_gene_variant|MODIFIER|MT-TD|ENSG00000210154|Transcript|ENST00000387419|Mt_tRNA||||||||||COSM1155506&COSM1472302|1|3798|1|||SNV|HGNC|HGNC:7478|YES|||||||||||||||||||||||||||||1&1|1&1,C|downstream_gene_variant|MODIFIER|MT-TK|ENSG00000210156|Transcript|ENST00000387421|Mt_tRNA||||||||||COSM1155506&COSM1472302|1|3019|1|||SNV|HGNC|HGNC:7489|YES|||||||||||||||||||||||||||||1&1|1&1,C|downstream_gene_variant|MODIFIER|MT-TG|ENSG00000210164|Transcript|ENST00000387429|Mt_tRNA||||||||||COSM1155506&COSM1472302|1|1325|1|||SNV|HGNC|HGNC:7486|YES|||||||||||||||||||||||||||||1&1|1&1,C|downstream_gene_variant|MODIFIER|MT-TR|ENSG00000210174|Transcript|ENST00000387439|Mt_tRNA||||||||||COSM1155506&COSM1472302|1|914|1|||SNV|HGNC|HGNC:7496|YES|||||||||||||||||||||||||||||1&1|1&1,C|upstream_gene_variant|MODIFIER|MT-TH|ENSG00000210176|Transcript|ENST00000387441|Mt_tRNA||||||||||COSM1155506&COSM1472302|1|755|1|||SNV|HGNC|HGNC:7487|YES|||||||||||||||||||||||||||||1&1|1&1,C|upstream_gene_variant|MODIFIER|MT-TS2|ENSG00000210184|Transcript|ENST00000387449|Mt_tRNA||||||||||COSM1155506&COSM1472302|1|824|1|||SNV|HGNC|HGNC:7498|YES|||||||||||||||||||||||||||||1&1|1&1,C|upstream_gene_variant|MODIFIER|MT-TL2|ENSG00000210191|Transcript|ENST00000387456|Mt_tRNA||||||||||COSM1155506&COSM1472302|1|883|1|||SNV|HGNC|HGNC:7491|YES|||||||||||||||||||||||||||||1&1|1&1,C|downstream_gene_variant|MODIFIER|MT-TE|ENSG00000210194|Transcript|ENST00000387459|Mt_tRNA||||||||||COSM1155506&COSM1472302|1|3291|-1|||SNV|HGNC|HGNC:7479|YES|||||||||||||||||||||||||||||1&1|1&1,C|upstream_gene_variant|MODIFIER|MT-TT|ENSG00000210195|Transcript|ENST00000387460|Mt_tRNA||||||||||COSM1155506&COSM1472302|1|4505|1|||SNV|HGNC|HGNC:7499|YES|||||||||||||||||||||||||||||1&1|1&1,C|downstream_gene_variant|MODIFIER|MT-TP|ENSG00000210196|Transcript|ENST00000387461|Mt_tRNA||||||||||COSM1155506&COSM1472302|1|4573|-1|||SNV|HGNC|HGNC:7494|YES|||||||||||||||||||||||||||||1&1|1&1",AU:CU:DP:FDP:GU:SDP:SUBDP:TU,"0,1:0,0:38:0:0,0:0:0:38,40","0,0:32,37:190:2:0,0:0:0:156,169"
C3L-01282,chr12,71893315,.,T,C,.,PASS,"AC=0;AF=0.0;AN=0;DP=156;SOMATIC;set=strelka-mutect;CSQ=C|synonymous_variant|LOW|TBC1D15|ENSG00000121749|Transcript|ENST00000319106|protein_coding|7/18||ENST00000319106.12:c.672T>C|ENSP00000318262.6:p.Gly224=|763/2159|672/2049|224/682|G|ggT/ggC||1||1|||SNV|HGNC|HGNC:25694||2|CCDS55849.1|Q8TC07||UPI000199130B|NM_001146214.1||||||||||||||||||||||||,C|3_prime_UTR_variant&NMD_transcript_variant|MODIFIER|TBC1D15|ENSG00000121749|Transcript|ENST00000462788|nonsense_mediated_decay|5/16||ENST00000462788.6:c.*62T>C||460/1995||||||1||1|||SNV|HGNC|HGNC:25694||1|||F8WCB5|UPI0001B790E3|||||||||||||||||||||||||,C|3_prime_UTR_variant&NMD_transcript_variant|MODIFIER|TBC1D15|ENSG00000121749|Transcript|ENST00000468049|nonsense_mediated_decay|4/5||ENST00000468049.2:c.*79T>C||317/363||||||1||1|||SNV|HGNC|HGNC:25694||5|||F8WDJ1|UPI00020CE2D6|||||||||||||||||||||||||,C|3_prime_UTR_variant&NMD_transcript_variant|MODIFIER|TBC1D15|ENSG00000121749|Transcript|ENST00000472611|nonsense_mediated_decay|5/6||ENST00000472611.6:c.*251T>C||532/640||||||1||1|||SNV|HGNC|HGNC:25694||3|||F8WF35|UPI0001B790E1|||||||||||||||||||||||||,C|downstream_gene_variant|MODIFIER|TBC1D15|ENSG00000121749|Transcript|ENST00000474468|processed_transcript|||||||||||1|9|1|||SNV|HGNC|HGNC:25694||4|||||||||||||||||||||||||||||,C|upstream_gene_variant|MODIFIER|TBC1D15|ENSG00000121749|Transcript|ENST00000479971|retained_intron|||||||||||1|4532|1|||SNV|HGNC|HGNC:25694||3|||||||||||||||||||||||||||||,C|synonymous_variant|LOW|TBC1D15|ENSG00000121749|Transcript|ENST00000482439|protein_coding|7/7||ENST00000482439.6:c.351T>C|ENSP00000449643.1:p.Gly117=|854/863|351/360|117/120|G|ggT/ggC||1||1|cds_end_NF||SNV|HGNC|HGNC:25694||5|||F8VV61|UPI0000E59826|||||||||||||||||||||||||,C|upstream_gene_variant|MODIFIER|TBC1D15|ENSG00000121749|Transcript|ENST00000483828|retained_intron|||||||||||1|3073|1|||SNV|HGNC|HGNC:25694||3|||||||||||||||||||||||||||||,C|synonymous_variant|LOW|TBC1D15|ENSG00000121749|Transcript|ENST00000485960|protein_coding|6/17||ENST00000485960.6:c.648T>C|ENSP00000420678.2:p.Gly216=|671/2489|648/2025|216/674|G|ggT/ggC||1||1|||SNV|HGNC|HGNC:25694||1|CCDS53814.1|Q8TC07||UPI00001FC7A7|||||||||||||||||||||||||,C|synonymous_variant|LOW|TBC1D15|ENSG00000121749|Transcript|ENST00000491063|protein_coding|7/11||ENST00000491063.5:c.351T>C|ENSP00000418091.1:p.Gly117=|740/1223|351/834|117/278|G|ggT/ggC||1||1|cds_end_NF||SNV|HGNC|HGNC:25694||1|||C9JA93|UPI0001B790E2|||||||||||||||||||||||||,C|upstream_gene_variant|MODIFIER|TBC1D15|ENSG00000121749|Transcript|ENST00000548679|processed_transcript|||||||||||1|3902|1|||SNV|HGNC|HGNC:25694||3|||||||||||||||||||||||||||||,C|non_coding_transcript_exon_variant|MODIFIER|TBC1D15|ENSG00000121749|Transcript|ENST00000549402|processed_transcript|6/7||ENST00000549402.5:n.529T>C||529/593||||||1||1|||SNV|HGNC|HGNC:25694||5|||||||||||||||||||||||||||||,C|synonymous_variant|LOW|TBC1D15|ENSG00000121749|Transcript|ENST00000550746|protein_coding|6/18||ENST00000550746.5:c.648T>C|ENSP00000448182.1:p.Gly216=|712/6184|648/2076|216/691|G|ggT/ggC||1||1||1|SNV|HGNC|HGNC:25694|YES|1|CCDS31858.1|Q8TC07||UPI000049DD7C|NM_022771.4&NM_001146213.1||||||||||||||||||||||||",AU:CU:DP:FDP:GU:SDP:SUBDP:TU,"0,0:0,0:22:0:0,0:0:0:22,22","0,0:7,8:127:0:0,0:0:0:120,126"
C3L-01311,chr6,43328342,.,C,A,.,PASS,"AC=1;AF=0.25;AN=4;DP=118;SOMATIC;set=varscan-mutect;CSQ=A|non_coding_transcript_exon_variant|MODIFIER|AL583834.1|ENSG00000220614|Transcript|ENST00000406943|processed_pseudogene|1/1||ENST00000406943.1:n.209C>A||209/343||||||1||1|||SNV|Clone_based_ensembl_gene||YES||||||||||||||||||||||||||||||,A|intron_variant&NMD_transcript_variant|MODIFIER|ZNF318|ENSG00000171467|Transcript|ENST00000605935|nonsense_mediated_decay||8/9|ENST00000605935.5:c.*77+3356G>T||||||||1||-1||1|SNV|HGNC|HGNC:13578||1||Q5VUA4||UPI0000073628|||||||||||||||||||||||||,A|downstream_gene_variant|MODIFIER|ZNF318|ENSG00000171467|Transcript|ENST00000606599|protein_coding|||||||||||1|3147|-1|cds_start_NF||SNV|HGNC|HGNC:13578||2|||U3KQ37|UPI00038BB05D|||||||||||||||||||||||||,A|intron_variant&non_coding_transcript_variant|MODIFIER|ZNF318|ENSG00000171467|Transcript|ENST00000607252|processed_transcript||1/3|ENST00000607252.5:n.159+3356G>T||||||||1||-1|||SNV|HGNC|HGNC:13578||1|||||||||||||||||||||||||||||",GT:AD:DP:DP4:FREQ:RD,"0/0:0:54:2,52,0,0:0%:54","0/1:6:64:4,54,0,6:9.38%:58"
C3L-01311,chr11,56376466,.,C,T,.,PASS,AC=0;AF=0.0;AN=0;DP=816;SOMATIC;set=strelka-varscan;CSQ=T|synonymous_variant|LOW|OR8U1|ENSG00000172199|Transcript|ENST00000302270|protein_coding|1/1||ENST00000302270.1:c.843C>T|ENSP00000304188.1:p.Ile281=|843/930|843/930|281/309|I|atC/atT||1||1||1|SNV|HGNC|HGNC:19611|YES||CCDS41647.1|Q8NH10||UPI0000061EEF|NM_001005204.1||||||||||||||||||||||||,AU:CU:DP:FDP:GU:SDP:SUBDP:TU,"0,0:215,215:218:1:0,0:0:0:2,4","1,1:198,204:213:1:0,0:0:0:13,16"
C3N-00383,chr7,72942704,.,A,C,.,PASS,"AC=0;AF=0.0;AN=0;DP=955;SOMATIC;set=strelka-varscan;CSQ=C|missense_variant|MODERATE|POM121|ENSG00000196313|Transcript|ENST00000358357|protein_coding|11/13||ENST00000358357.7:c.1916A>C|ENSP00000351124.3:p.His639Pro|2216/5320|1916/2955|639/984|H/P|cAc/cCc||1||1|||SNV|HGNC|HGNC:19702||1|CCDS5542.1|Q96HA1||UPI0000071A6B||tolerated(1)|||||||||||||||||||||||,C|missense_variant|MODERATE|POM121|ENSG00000196313|Transcript|ENST00000395270|protein_coding|14/16||ENST00000395270.5:c.1916A>C|ENSP00000378687.1:p.His639Pro|2957/7011|1916/3000|639/999|H/P|cAc/cCc||1||1||1|SNV|HGNC|HGNC:19702|YES|1|CCDS59059.1|Q96HA1||UPI000013DA6B|NM_001257190.2|tolerated(1)|||||||||||||||||||||||,C|missense_variant|MODERATE|POM121|ENSG00000196313|Transcript|ENST00000434423|protein_coding|11/13||ENST00000434423.4:c.2711A>C|ENSP00000405562.2:p.His904Pro|2711/3750|2711/3750|904/1249|H/P|cAc/cCc||1||1|||SNV|HGNC|HGNC:19702||5||Q96HA1||UPI00017BE7A5||tolerated(1)|||||||||||||||||||||||,C|missense_variant|MODERATE|POM121|ENSG00000196313|Transcript|ENST00000446813|protein_coding|12/14||ENST00000446813.4:c.1916A>C|ENSP00000393020.1:p.His639Pro|2372/3456|1916/3000|639/999|H/P|cAc/cCc||1||1|||SNV|HGNC|HGNC:19702||5|CCDS59059.1|Q96HA1||UPI000013DA6B||tolerated(1)|||||||||||||||||||||||,C|downstream_gene_variant|MODIFIER|NSUN5P2|ENSG00000106133|Transcript|ENST00000602348|processed_transcript|||||||||||1|4877|-1|||SNV|HGNC|HGNC:16609||1|||||||||||||||||||||||||||||,C|missense_variant|MODERATE|POM121|ENSG00000196313|Transcript|ENST00000627934|protein_coding|12/14||ENST00000627934.2:c.1916A>C|ENSP00000486504.1:p.His639Pro|2372/5480|1916/2955|639/984|H/P|cAc/cCc||1||1|||SNV|HGNC|HGNC:19702||5|CCDS5542.1|Q96HA1||UPI0000071A6B|NM_172020.4|tolerated(1)|||||||||||||||||||||||",AU:CU:DP:FDP:GU:SDP:SUBDP:TU,"45,409:0,3:45:0:0,0:0:0:0,1","53,374:17,39:70:0:0,1:0:0:0,1"
C3N-00383,chr9,94300962,.,T,C,.,PASS,"AC=0;AF=0.0;AN=0;DP=807;SOMATIC;set=strelka-varscan;CSQ=C|3_prime_UTR_variant|MODIFIER|ZNF169|ENSG00000175787|Transcript|ENST00000340911|protein_coding|5/5||ENST00000340911.8:c.*1393T>C||1844/2336||||||1||1|||SNV|HGNC|HGNC:12957||2|||Q5SR55|UPI000333503A|||||||||||||||||||||||||,C|synonymous_variant|LOW|ZNF169|ENSG00000175787|Transcript|ENST00000395395|protein_coding|5/5||ENST00000395395.6:c.1404T>C|ENSP00000378792.2:p.Gly468=|1494/1986|1404/1812|468/603|G|ggT/ggC||1||1||1|SNV|HGNC|HGNC:12957|YES|2|CCDS6709.2|Q14929||UPI00001C1EC1|NM_194320.3&NM_003448.2&NM_001301275.1||||||||||||||||||||||||",AU:CU:DP:FDP:GU:SDP:SUBDP:TU,"0,1:2,3:224:4:2,2:0:0:216,219","1,1:14,16:198:2:0,0:0:0:181,183"
C3N-00383,chr12,52651858,.,A,G,.,PASS,"AC=0;AF=0.0;AN=0;DP=470;SOMATIC;set=strelka-varscan;CSQ=G|synonymous_variant|LOW|KRT2|ENSG00000172867|Transcript|ENST00000309680|protein_coding|1/9||ENST00000309680.3:c.285T>C|ENSP00000310861.3:p.Gly95=|307/2403|285/1920|95/639|G|ggT/ggC|rs760022367|1||-1||1|SNV|HGNC|HGNC:6439|YES|1|CCDS8835.1|P35908||UPI0000367804|NM_000423.2|||||||||||0.0004882|7.521e-05|0.0003535|0.0001352|0.002173|0.0003595|0.0005552|0.0002709|0.0003832|0.002173|gnomAD_EAS|||,G|upstream_gene_variant|MODIFIER|KRT2|ENSG00000172867|Transcript|ENST00000547106|retained_intron||||||||||rs760022367|1|1186|-1|||SNV|HGNC|HGNC:6439||4||||||||||||||||0.0004882|7.521e-05|0.0003535|0.0001352|0.002173|0.0003595|0.0005552|0.0002709|0.0003832|0.002173|gnomAD_EAS|||",AU:CU:DP:FDP:GU:SDP:SUBDP:TU,"109,113:0,0:112:2:1,1:0:0:0,0","103,106:0,0:113:2:8,8:0:0:0,0"
C3N-00383,chr15,29772071,.,G,T,.,PASS,"AC=1;AF=0.25;AN=4;DP=177;SOMATIC;set=varscan-mutect;CSQ=T|missense_variant|MODERATE|TJP1|ENSG00000104067|Transcript|ENST00000346128|protein_coding|4/28||ENST00000346128.10:c.305C>A|ENSP00000281537.7:p.Ala102Glu|780/7950|305/5247|102/1748|A/E|gCa/gAa||1||-1||1|SNV|HGNC|HGNC:11827||1|CCDS42007.1|Q07157||UPI000013DC83|NM_003257.4&NM_175610.3|deleterious(0)|||||||||||||||||||||||,T|missense_variant|MODERATE|TJP1|ENSG00000104067|Transcript|ENST00000356107|protein_coding|4/28||ENST00000356107.10:c.305C>A|ENSP00000348416.6:p.Ala102Glu|305/6747|305/5307|102/1768|A/E|gCa/gAa||1||-1|||SNV|HGNC|HGNC:11827|YES|5|CCDS81858.1||G3V1L9|UPI00001FE0F9|NM_001330239.1&NM_001301025.1|deleterious(0)|||||||||||||||||||||||,T|missense_variant|MODERATE|TJP1|ENSG00000104067|Transcript|ENST00000400011|protein_coding|5/28||ENST00000400011.6:c.317C>A|ENSP00000382890.2:p.Ala106Glu|559/6764|317/5079|106/1692|A/E|gCa/gAa||1||-1|||SNV|HGNC|HGNC:11827||1|CCDS73702.1||G5E9E7|UPI0000E59B99|NM_001301026.1|deleterious(0)|||||||||||||||||||||||,T|missense_variant|MODERATE|TJP1|ENSG00000104067|Transcript|ENST00000495972|protein_coding|4/9||ENST00000495972.6:c.305C>A|ENSP00000452729.1:p.Ala102Glu|779/2890|305/1152|102/383|A/E|gCa/gAa||1||-1|||SNV|HGNC|HGNC:11827||1|||H0YKB1|UPI0000D4A16E||deleterious(0)|||||||||||||||||||||||,T|missense_variant|MODERATE|TJP1|ENSG00000104067|Transcript|ENST00000545208|protein_coding|4/27||ENST00000545208.6:c.305C>A|ENSP00000441202.2:p.Ala102Glu|305/5007|305/5007|102/1668|A/E|gCa/gAa||1||-1|||SNV|HGNC|HGNC:11827||5|CCDS45199.1|Q07157||UPI000041D23B||deleterious(0)|||||||||||||||||||||||,T|missense_variant|MODERATE|TJP1|ENSG00000104067|Transcript|ENST00000558447|protein_coding|5/6||ENST00000558447.1:c.584C>A|ENSP00000453334.1:p.Ala195Glu|610/720|584/694|195/231|A/E|gCa/gAa||1||-1|cds_end_NF||SNV|HGNC|HGNC:11827||3|||H0YLT6|UPI00022F8575||deleterious(0)|||||||||||||||||||||||,T|missense_variant|MODERATE|TJP1|ENSG00000104067|Transcript|ENST00000614355|protein_coding|4/27||ENST00000614355.4:c.269C>A|ENSP00000483470.1:p.Ala90Glu|780/6977|269/5031|90/1676|A/E|gCa/gAa||1||-1|||SNV|HGNC|HGNC:11827||5|||A0A087X0K9|UPI0000D612FA||deleterious(0)|||||||||||||||||||||||",GT:AD:DP:DP4:FREQ:RD,"0/0:0:79:76,2,0,0:0%:78","0/1:7:98:81,9,7,0:7.22%:90"
